{
  "title": "",
  "description": "",
  "variables": {
    "DocumentAccount": {
      "type": "string",
      "defaultValue": "fin$/payables$/import$"
    },
    "FileUpload": {
      "type": {
        "File": "any",
        "Name": "string",
        "Type": "string"
      }
    }
  },
  "metadata": {},
  "types": {},
  "eventListeners": {
    "buttonAction": {
      "chains": [
        {
          "chainId": "UploadButtonActionChain"
        }
      ]
    },
    "filePickerSelect": {
      "chains": [
        {
          "chainId": "FilePickerSelectChain",
          "parameters": {
            "files": "[[ Array.prototype.slice.call($event.detail.files) ]]"
          }
        }
      ]
    },
    "toggleDrawer": {
      "chains": [
        {
          "chainId": "application:toggleDrawerHandler"
        }
      ]
    }

  },
  "imports": {
    "components": {
      "oj-button": {
        "path": "ojs/ojbutton"
      },
      "oj-file-picker": {
        "path": "ojs/ojfilepicker"
      },
      "oj-form-layout": {
        "path": "ojs/ojformlayout"
      },
      "oj-input-text": {
        "path": "ojs/ojinputtext"
      }
    }
  }
}