{
  "title": "main",
  "description": "",
  "variables": {
    "data1": {
      "type": "object",
      "defaultValue": {
        "Employees": [
          {
            "userId": "rirani",
            "jobTitleName": "Developer",
            "firstName": "Romin",
            "lastName": "Irani",
            "preferredFullName": "Romin Irani",
            "employeeCode": "E1",
            "region": "CA",
            "phoneNumber": "408-1234567",
            "emailAddress": "romin.k.irani@gmail.com"
          },
          {
            "userId": "nirani",
            "jobTitleName": "Developer",
            "firstName": "Neil",
            "lastName": "Irani",
            "preferredFullName": "Neil Irani",
            "employeeCode": "E2",
            "region": "CA",
            "phoneNumber": "408-1111111",
            "emailAddress": "neilrirani@gmail.com"
          },
          {
            "userId": "thanks",
            "jobTitleName": "Program Directory",
            "firstName": "Tom",
            "lastName": "Hanks",
            "preferredFullName": "Tom Hanks",
            "employeeCode": "E3",
            "region": "CA",
            "phoneNumber": "408-2222222",
            "emailAddress": "tomhanks@gmail.com"
          }
        ]
      }
    },
    "data2": {
      "type": "object",
      "defaultValue": {
        "Departments": [
          {
            "DepartmentId": 10,
            "DepartmentName": "PDT Administration",
            "ManagerId": null,
            "LocationId": null
          },
          {
            "DepartmentId": 20,
            "DepartmentName": "PDT Marketing",
            "ManagerId": null,
            "LocationId": null
          },
          {
            "DepartmentId": 30,
            "DepartmentName": "Transportation",
            "ManagerId": null,
            "LocationId": null
          },
          {
            "DepartmentId": 40,
            "DepartmentName": "Shipping",
            "ManagerId": null,
            "LocationId": null
          },
          {
            "DepartmentId": 50,
            "DepartmentName": "Human Resources",
            "ManagerId": null,
            "LocationId": null
          },
          {
            "DepartmentId": 60,
            "DepartmentName": "Operations",
            "ManagerId": null,
            "LocationId": null
          },
          {
            "DepartmentId": 70,
            "DepartmentName": "Inventory",
            "ManagerId": null,
            "LocationId": null
          },
          {
            "DepartmentId": 80,
            "DepartmentName": "Sales",
            "ManagerId": 145,
            "LocationId": 2500
          },
          {
            "DepartmentId": 100,
            "DepartmentName": "Finance",
            "ManagerId": null,
            "LocationId": null
          },
          {
            "DepartmentId": 110,
            "DepartmentName": "Documentation",
            "ManagerId": null,
            "LocationId": null
          },
          {
            "DepartmentId": 130,
            "DepartmentName": "Billing",
            "ManagerId": null,
            "LocationId": 1700
          },
          {
            "DepartmentId": 140,
            "DepartmentName": "Control And Credit",
            "ManagerId": null,
            "LocationId": 1700
          }
        ]
      }
    }
  },
  "metadata": {},
  "types": {},
  "eventListeners": {
    "buttonAction": {
      "chains": [
        {
          "chainId": "ButtonActionChain"
        }
      ]
    },
    "toggleDrawer": {
      "chains": [
        {
          "chainId": "application:toggleDrawerHandler"
        }
      ]
    }

  },
  "imports": {
    "components": {
      "oj-button": {
        "path": "ojs/ojbutton"
      },
      "oj-form-layout": {
        "path": "ojs/ojformlayout"
      },
      "oj-text-area": {
        "path": "ojs/ojinputtext"
      }
    }
  }
}