id,creationDate,lastUpdateDate,createdBy,lastUpdatedBy,eMPLOYEEID,fIRSTNAME,lASTNAME,eMAIL,pHONENUMBER,hIREDATE,jOBID,sALARY,cOMMISSIONPCT,mANAGERID,dEPARTMENTID
1,2023-01-27T15:47:16.69,2023-01-27T15:47:16.69,satishkumar11@kpmg.com,satishkumar11@kpmg.com,198.0,Donald,OConnell,DOCONNEL,650.507.9833,21-JUN-07,SH_CLERK,2600.0,- ,124,50.0
2,2023-01-27T15:47:16.702,2023-01-27T15:47:16.702,satishkumar11@kpmg.com,satishkumar11@kpmg.com,199.0,Douglas,Grant,DGRANT,650.507.9844,13-JAN-08,SH_CLERK,2600.0,- ,124,50.0
3,2023-01-27T15:47:16.702,2023-01-27T15:47:16.702,satishkumar11@kpmg.com,satishkumar11@kpmg.com,200.0,Jennifer,Whalen,JWHALEN,515.123.4444,17-SEP-03,AD_ASST,4400.0,- ,101,10.0
4,2023-01-27T15:47:16.703,2023-01-27T15:47:16.703,satishkumar11@kpmg.com,satishkumar11@kpmg.com,201.0,Michael,Hartstein,MHARTSTE,515.123.5555,17-FEB-04,MK_MAN,13000.0,- ,100,20.0
5,2023-01-27T15:47:16.703,2023-01-27T15:47:16.703,satishkumar11@kpmg.com,satishkumar11@kpmg.com,202.0,Pat,Fay,PFAY,603.123.6666,17-AUG-05,MK_REP,6000.0,- ,201,20.0
6,2023-01-27T15:47:16.703,2023-01-27T15:47:16.703,satishkumar11@kpmg.com,satishkumar11@kpmg.com,203.0,Susan,Mavris,SMAVRIS,515.123.7777,07-JUN-02,HR_REP,6500.0,- ,101,40.0
7,2023-01-27T15:47:16.703,2023-01-27T15:47:16.703,satishkumar11@kpmg.com,satishkumar11@kpmg.com,204.0,Hermann,Baer,HBAER,515.123.8888,07-JUN-02,PR_REP,10000.0,- ,101,70.0
8,2023-01-27T15:47:16.704,2023-01-27T15:47:16.704,satishkumar11@kpmg.com,satishkumar11@kpmg.com,205.0,Shelley,Higgins,SHIGGINS,515.123.8080,07-JUN-02,AC_MGR,12008.0,- ,101,110.0
9,2023-01-27T15:47:16.704,2023-01-27T15:47:16.704,satishkumar11@kpmg.com,satishkumar11@kpmg.com,206.0,William,Gietz,WGIETZ,515.123.8181,07-JUN-02,AC_ACCOUNT,8300.0,- ,205,110.0
10,2023-01-27T15:47:16.705,2023-01-27T15:47:16.705,satishkumar11@kpmg.com,satishkumar11@kpmg.com,100.0,Steven,King,SKING,515.123.4567,17-JUN-03,AD_PRES,24000.0,- ,- ,90.0
11,2023-01-27T15:47:16.705,2023-01-27T15:47:16.705,satishkumar11@kpmg.com,satishkumar11@kpmg.com,101.0,Neena,Kochhar,NKOCHHAR,515.123.4568,21-SEP-05,AD_VP,17000.0,- ,100,90.0
12,2023-01-27T15:47:16.705,2023-01-27T15:47:16.705,satishkumar11@kpmg.com,satishkumar11@kpmg.com,102.0,Lex,De Haan,LDEHAAN,515.123.4569,13-JAN-01,AD_VP,17000.0,- ,100,90.0
13,2023-01-27T15:47:16.705,2023-01-27T15:47:16.705,satishkumar11@kpmg.com,satishkumar11@kpmg.com,103.0,Alexander,Hunold,AHUNOLD,590.423.4567,03-JAN-06,IT_PROG,9000.0,- ,102,60.0
14,2023-01-27T15:47:16.706,2023-01-27T15:47:16.706,satishkumar11@kpmg.com,satishkumar11@kpmg.com,104.0,Bruce,Ernst,BERNST,590.423.4568,21-MAY-07,IT_PROG,6000.0,- ,103,60.0
15,2023-01-27T15:47:16.706,2023-01-27T15:47:16.706,satishkumar11@kpmg.com,satishkumar11@kpmg.com,105.0,David,Austin,DAUSTIN,590.423.4569,25-JUN-05,IT_PROG,4800.0,- ,103,60.0
16,2023-01-27T15:47:16.706,2023-01-27T15:47:16.706,satishkumar11@kpmg.com,satishkumar11@kpmg.com,106.0,Valli,Pataballa,VPATABAL,590.423.4560,05-FEB-06,IT_PROG,4800.0,- ,103,60.0
17,2023-01-27T15:47:16.706,2023-01-27T15:47:16.706,satishkumar11@kpmg.com,satishkumar11@kpmg.com,107.0,Diana,Lorentz,DLORENTZ,590.423.5567,07-FEB-07,IT_PROG,4200.0,- ,103,60.0
18,2023-01-27T15:47:16.707,2023-01-27T15:47:16.707,satishkumar11@kpmg.com,satishkumar11@kpmg.com,108.0,Nancy,Greenberg,NGREENBE,515.124.4569,17-AUG-02,FI_MGR,12008.0,- ,101,100.0
19,2023-01-27T15:47:16.707,2023-01-27T15:47:16.707,satishkumar11@kpmg.com,satishkumar11@kpmg.com,109.0,Daniel,Faviet,DFAVIET,515.124.4169,16-AUG-02,FI_ACCOUNT,9000.0,- ,108,100.0
20,2023-01-27T15:47:16.707,2023-01-27T15:47:16.707,satishkumar11@kpmg.com,satishkumar11@kpmg.com,110.0,John,Chen,JCHEN,515.124.4269,28-SEP-05,FI_ACCOUNT,8200.0,- ,108,100.0
21,2023-01-27T15:47:16.707,2023-01-27T15:47:16.707,satishkumar11@kpmg.com,satishkumar11@kpmg.com,111.0,Ismael,Sciarra,ISCIARRA,515.124.4369,30-SEP-05,FI_ACCOUNT,7700.0,- ,108,100.0
22,2023-01-27T15:47:16.708,2023-01-27T15:47:16.708,satishkumar11@kpmg.com,satishkumar11@kpmg.com,112.0,Jose Manuel,Urman,JMURMAN,515.124.4469,07-MAR-06,FI_ACCOUNT,7800.0,- ,108,100.0
23,2023-01-27T15:47:16.708,2023-01-27T15:47:16.708,satishkumar11@kpmg.com,satishkumar11@kpmg.com,113.0,Luis,Popp,LPOPP,515.124.4567,07-DEC-07,FI_ACCOUNT,6900.0,- ,108,100.0
24,2023-01-27T15:47:16.708,2023-01-27T15:47:16.708,satishkumar11@kpmg.com,satishkumar11@kpmg.com,114.0,Den,Raphaely,DRAPHEAL,515.127.4561,07-DEC-02,PU_MAN,11000.0,- ,100,30.0
25,2023-01-27T15:47:16.708,2023-01-27T15:47:16.708,satishkumar11@kpmg.com,satishkumar11@kpmg.com,115.0,Alexander,Khoo,AKHOO,515.127.4562,18-MAY-03,PU_CLERK,3100.0,- ,114,30.0
26,2023-01-27T15:47:16.709,2023-01-27T15:47:16.709,satishkumar11@kpmg.com,satishkumar11@kpmg.com,116.0,Shelli,Baida,SBAIDA,515.127.4563,24-DEC-05,PU_CLERK,2900.0,- ,114,30.0
27,2023-01-27T15:47:16.709,2023-01-27T15:47:16.709,satishkumar11@kpmg.com,satishkumar11@kpmg.com,117.0,Sigal,Tobias,STOBIAS,515.127.4564,24-JUL-05,PU_CLERK,2800.0,- ,114,30.0
28,2023-01-27T15:47:16.709,2023-01-27T15:47:16.709,satishkumar11@kpmg.com,satishkumar11@kpmg.com,118.0,Guy,Himuro,GHIMURO,515.127.4565,15-NOV-06,PU_CLERK,2600.0,- ,114,30.0
29,2023-01-27T15:47:16.709,2023-01-27T15:47:16.709,satishkumar11@kpmg.com,satishkumar11@kpmg.com,119.0,Karen,Colmenares,KCOLMENA,515.127.4566,10-AUG-07,PU_CLERK,2500.0,- ,114,30.0
30,2023-01-27T15:47:16.71,2023-01-27T15:47:16.71,satishkumar11@kpmg.com,satishkumar11@kpmg.com,120.0,Matthew,Weiss,MWEISS,650.123.1234,18-JUL-04,ST_MAN,8000.0,- ,100,50.0
31,2023-01-27T15:47:16.71,2023-01-27T15:47:16.71,satishkumar11@kpmg.com,satishkumar11@kpmg.com,121.0,Adam,Fripp,AFRIPP,650.123.2234,10-APR-05,ST_MAN,8200.0,- ,100,50.0
32,2023-01-27T15:47:16.71,2023-01-27T15:47:16.71,satishkumar11@kpmg.com,satishkumar11@kpmg.com,122.0,Payam,Kaufling,PKAUFLIN,650.123.3234,01-MAY-03,ST_MAN,7900.0,- ,100,50.0
33,2023-01-27T15:47:16.711,2023-01-27T15:47:16.711,satishkumar11@kpmg.com,satishkumar11@kpmg.com,123.0,Shanta,Vollman,SVOLLMAN,650.123.4234,10-OCT-05,ST_MAN,6500.0,- ,100,50.0
34,2023-01-27T15:47:16.711,2023-01-27T15:47:16.711,satishkumar11@kpmg.com,satishkumar11@kpmg.com,124.0,Kevin,Mourgos,KMOURGOS,650.123.5234,16-NOV-07,ST_MAN,5800.0,- ,100,50.0
35,2023-01-27T15:47:16.711,2023-01-27T15:47:16.711,satishkumar11@kpmg.com,satishkumar11@kpmg.com,125.0,Julia,Nayer,JNAYER,650.124.1214,16-JUL-05,ST_CLERK,3200.0,- ,120,50.0
36,2023-01-27T15:47:16.712,2023-01-27T15:47:16.712,satishkumar11@kpmg.com,satishkumar11@kpmg.com,126.0,Irene,Mikkilineni,IMIKKILI,650.124.1224,28-SEP-06,ST_CLERK,2700.0,- ,120,50.0
37,2023-01-27T15:47:16.712,2023-01-27T15:47:16.712,satishkumar11@kpmg.com,satishkumar11@kpmg.com,127.0,James,Landry,JLANDRY,650.124.1334,14-JAN-07,ST_CLERK,2400.0,- ,120,50.0
38,2023-01-27T15:47:16.712,2023-01-27T15:47:16.712,satishkumar11@kpmg.com,satishkumar11@kpmg.com,128.0,Steven,Markle,SMARKLE,650.124.1434,08-MAR-08,ST_CLERK,2200.0,- ,120,50.0
39,2023-01-27T15:47:16.713,2023-01-27T15:47:16.713,satishkumar11@kpmg.com,satishkumar11@kpmg.com,129.0,Laura,Bissot,LBISSOT,650.124.5234,20-AUG-05,ST_CLERK,3300.0,- ,121,50.0
40,2023-01-27T15:47:16.713,2023-01-27T15:47:16.713,satishkumar11@kpmg.com,satishkumar11@kpmg.com,130.0,Mozhe,Atkinson,MATKINSO,650.124.6234,30-OCT-05,ST_CLERK,2800.0,- ,121,50.0
41,2023-01-27T15:47:16.713,2023-01-27T15:47:16.713,satishkumar11@kpmg.com,satishkumar11@kpmg.com,131.0,James,Marlow,JAMRLOW,650.124.7234,16-FEB-05,ST_CLERK,2500.0,- ,121,50.0
42,2023-01-27T15:47:16.714,2023-01-27T15:47:16.714,satishkumar11@kpmg.com,satishkumar11@kpmg.com,132.0,TJ,Olson,TJOLSON,650.124.8234,10-APR-07,ST_CLERK,2100.0,- ,121,50.0
43,2023-01-27T15:47:16.714,2023-01-27T15:47:16.714,satishkumar11@kpmg.com,satishkumar11@kpmg.com,133.0,Jason,Mallin,JMALLIN,650.127.1934,14-JUN-04,ST_CLERK,3300.0,- ,122,50.0
44,2023-01-27T15:47:16.714,2023-01-27T15:47:16.714,satishkumar11@kpmg.com,satishkumar11@kpmg.com,134.0,Michael,Rogers,MROGERS,650.127.1834,26-AUG-06,ST_CLERK,2900.0,- ,122,50.0
45,2023-01-27T15:47:16.714,2023-01-27T15:47:16.714,satishkumar11@kpmg.com,satishkumar11@kpmg.com,135.0,Ki,Gee,KGEE,650.127.1734,12-DEC-07,ST_CLERK,2400.0,- ,122,50.0
46,2023-01-27T15:47:16.715,2023-01-27T15:47:16.715,satishkumar11@kpmg.com,satishkumar11@kpmg.com,136.0,Hazel,Philtanker,HPHILTAN,650.127.1634,06-FEB-08,ST_CLERK,2200.0,- ,122,50.0
47,2023-01-27T15:47:16.715,2023-01-27T15:47:16.715,satishkumar11@kpmg.com,satishkumar11@kpmg.com,137.0,Renske,Ladwig,RLADWIG,650.121.1234,14-JUL-03,ST_CLERK,3600.0,- ,123,50.0
48,2023-01-27T15:47:16.715,2023-01-27T15:47:16.715,satishkumar11@kpmg.com,satishkumar11@kpmg.com,138.0,Stephen,Stiles,SSTILES,650.121.2034,26-OCT-05,ST_CLERK,3200.0,- ,123,50.0
49,2023-01-27T15:47:16.716,2023-01-27T15:47:16.716,satishkumar11@kpmg.com,satishkumar11@kpmg.com,139.0,John,Seo,JSEO,650.121.2019,12-FEB-06,ST_CLERK,2700.0,- ,123,50.0
50,2023-01-27T15:47:16.716,2023-01-27T15:47:16.716,satishkumar11@kpmg.com,satishkumar11@kpmg.com,140.0,Joshua,Patel,JPATEL,650.121.1834,06-APR-06,ST_CLERK,2500.0,- ,123,50.0
