{
    "displayLabel": "SampleData",
    "fields": [
        {
            "displayLabel": "Id",
            "internal": true,
            "key": true,
            "name": "id",
            "oid": "4371bf98-2f5c-4091-bca1-143f6b0a9fec",
            "required": true,
            "type": "number",
            "unique": true
        },
        {
            "displayLabel": "Created",
            "internal": true,
            "name": "creationDate",
            "oid": "b5f83816-75f5-47f2-b246-881839164646",
            "type": "datetime"
        },
        {
            "displayLabel": "Last Updated",
            "internal": true,
            "name": "lastUpdateDate",
            "oid": "0900f56e-2b23-4a56-9bc2-9e3f6cd59e9d",
            "type": "datetime"
        },
        {
            "displayLabel": "Created By",
            "internal": true,
            "name": "createdBy",
            "oid": "e8c9b352-2593-4ebd-b816-8a579b4f58ea",
            "type": "string"
        },
        {
            "displayLabel": "Last Updated By",
            "internal": true,
            "name": "lastUpdatedBy",
            "oid": "0760f3b8-87be-469d-b141-30920ee97ede",
            "type": "string"
        },
        {
            "displayLabel": "<internal>",
            "hidden": true,
            "internal": true,
            "name": "abcsChangeNumber",
            "oid": "b0f7cea0-cf5e-4c1e-bde7-02589a6e1e43",
            "type": "number"
        },
        {
            "displayLabel": "EMPLOYEE_ID",
            "name": "eMPLOYEEID",
            "oid": "0565f521-7bd6-4508-9893-bd42574254de",
            "required": true,
            "type": "number"
        },
        {
            "displayLabel": "FIRST_NAME",
            "name": "fIRSTNAME",
            "oid": "b48f7bad-ed49-4403-9a38-09332b43f959",
            "required": true,
            "type": "string"
        },
        {
            "displayLabel": "LAST_NAME",
            "name": "lASTNAME",
            "oid": "600ccad4-07ff-46a4-86c5-35c0318046a0",
            "required": true,
            "type": "string"
        },
        {
            "displayLabel": "EMAIL",
            "name": "eMAIL",
            "oid": "bc456580-2144-44dd-ad38-bf086eacd188",
            "required": true,
            "type": "string"
        },
        {
            "displayLabel": "PHONE_NUMBER",
            "name": "pHONENUMBER",
            "oid": "95ac6821-e054-4ec7-b7de-a5210afc79c8",
            "required": true,
            "type": "string"
        },
        {
            "displayLabel": "HIRE_DATE",
            "name": "hIREDATE",
            "oid": "7edb0d68-48d3-48b6-8782-01e08e52112b",
            "required": true,
            "type": "string"
        },
        {
            "displayLabel": "JOB_ID",
            "name": "jOBID",
            "oid": "b87a0e0f-962d-4af5-891f-96cb729d34f4",
            "required": true,
            "type": "string"
        },
        {
            "displayLabel": "SALARY",
            "name": "sALARY",
            "oid": "419d5001-d1b1-40c0-b7e3-396eff68f49d",
            "required": true,
            "type": "number"
        },
        {
            "displayLabel": "COMMISSION_PCT",
            "name": "cOMMISSIONPCT",
            "oid": "fa06e59c-88c9-4d44-8bcc-33adeb743e62",
            "required": true,
            "type": "string"
        },
        {
            "displayLabel": "MANAGER_ID",
            "name": "mANAGERID",
            "oid": "50d0b0d7-9f76-469c-8f89-3e643e98634b",
            "required": true,
            "type": "string"
        },
        {
            "displayLabel": "DEPARTMENT_ID",
            "name": "dEPARTMENTID",
            "oid": "5f8f0975-aa95-41f7-af4e-f92d908e44ba",
            "required": true,
            "type": "number"
        }
    ],
    "hidden": false,
    "name": "SampleData",
    "oid": "fd419816-23ca-45f0-b96d-b421adc9dc1d",
    "setupData": true
}