{
    "vbcs.dt.version": "20220614-22.10.1",
    "dependencies": {
        "upgrade": "micro",
        "paths": {
            "jet": "https://static.oracle.com/cdn/jet/12.1.4",
            "telemetry": "https://static.oracle.com/cdn/trace/7.0.0",
            "visualRuntime": "https://static.oracle.com/cdn/vb/2210.0.3"
        }
    },
    "source.version": "2210",
    "migration": {
        "2210": [
            "ACTJsSpecsMigrator",
            "AppUIRootPageMigrator",
            "RemoveReadOnlyAttrDynamicFormMigrator",
            "RemoveMetadataPathAttrMigrator",
            "LayoutFieldRestDisplayPropertyMigrator"
        ]
    }
}