{
    "backends": {
        "SaaS": {
            "servers": [
                {
                    "url": "https://fa-euth-dev90-saasfademo1.ds-fa.oraclepdemos.com",
                    "description": "Xmlpserver Services",
                    "x-vb": {
                        "authentication": {
                            "authenticated": {
                                "type": "basic",
                                "credentials": "vb_ddd1b0a9-a297-4a74-80f0-54eadc9f0df5"
                            }
                        },
                        "forceProxy": "cors"
                    }
                }
            ]
        }
      }
}