{
  "description": "",
  "root": "fireDataProviderEventGetSampleDataVar",
  "actions": {
    "fireDataProviderEventGetSampleDataVar": {
      "module": "vb/action/builtin/fireDataProviderEventAction",
      "parameters": {
        "target": "[[ $page.variables.get_SampleDataVar ]]",
        "update": {
          "data": "{{ $variables.rowData }}",
          "keys": [
            "{{ $variables.rowKey }}"
          ]
        }
      }
    }
  },
  "variables": {
    "cancelEdit": {
      "required": true,
      "type": "any",
      "input": "fromCaller"
    },
    "rowKey": {
      "required": true,
      "type": "any",
      "input": "fromCaller"
    },
    "rowIndex": {
      "required": true,
      "type": "number",
      "input": "fromCaller"
    },
    "rowData": {
      "required": true,
      "type": "any",
      "input": "fromCaller"
    }
  }
}