{
  "description": "",
  "root": "assignVariables",
  "actions": {
    "assignVariables": {
      "module": "vb/action/builtin/assignVariablesAction",
      "parameters": {
        "$page.variables.currentRow": {
          "source": "{{ $variables.rowData }}",
          "auto": "always"
        }
      },
      "outcomes": {
        "success": "callFunctionResolveRowBeforeEditPromise"
      }
    },
    "callFunctionResolveRowBeforeEditPromise": {
      "module": "vb/action/builtin/callModuleFunctionAction",
      "parameters": {
        "module": "[[ $functions ]]",
        "functionName": "resolveRowBeforeEditPromise"
      }
    }
  },
  "variables": {
    "rowKey": {
      "required": true,
      "type": "any",
      "input": "fromCaller"
    },
    "rowIndex": {
      "required": true,
      "type": "number",
      "input": "fromCaller"
    },
    "rowData": {
      "required": true,
      "type": "any",
      "input": "fromCaller"
    }
  }
}