{
  "root": "callRestGetallEmployees",
  "description": "",
  "variables": {},
  "actions": {
    "fireNotification": {
      "module": "vb/action/builtin/fireNotificationEventAction",
      "parameters": {
        "target": "leaf",
        "summary": "[[ $chain.results.callRestGetallEmployees.message.summary ]]",
        "type": "error",
        "displayMode": "persist"
      }
    },
    "callRestGetallEmployees": {
      "module": "vb/action/builtin/restAction",
      "parameters": {
        "endpoint": "businessObjects/getall_Employees"
      },
      "outcomes": {
        "failure": "fireNotification",
        "success": "assignVariables"
      }
    },
    "assignVariables": {
      "module": "vb/action/builtin/assignVariablesAction",
      "parameters": {
        "$page.variables.get_EmployeesVar": {
          "source": {
            "data": "{{ $chain.results.callRestGetallEmployees.body.items }}"
          },
          "reset": "none",
          "auto": "always",
          "mapping": {
            "$target.data": {
              "source": "$source.data",
              "reset": "empty"
            }
          }
        }
      }
    }
  }
}