{
  "title": "",
  "description": "",
  "variables": {
    "editorInitialValue": {
      "type": "string",
      "defaultValue": "select * from dual"
    },
    "editorValue": {
      "type": "string"
    }
  },
  "metadata": {},
  "types": {},
  "eventListeners": {
    "toggleDrawer": {
      "chains": [
        {
          "chainId": "application:toggleDrawerHandler"
        }
      ]
    }
  },
  "imports": {
    "components": {
      "cc-monaco-editor": {
        "path": "cc-monaco-editor/loader"
      },
      "oj-button": {
        "path": "ojs/ojbutton"
      },
      "oj-text-area": {
        "path": "ojs/ojinputtext"
      }
    }
  }
}