{
  "description": "",
  "root": "callFunctionGetBase64",
  "actions": {

    "callFunctionGetBase64": {
      "module": "vb/action/builtin/callModuleFunctionAction",
      "parameters": {
        "module": "[[ $functions ]]",
        "functionName": "getBase64",
        "params": [
          "{{ $page.variables.FileUpload.File }}"
        ]
      },
      "outcomes": {
        "success": "callFunctionZip"
      }
    },
    "callFunctionZip": {
      "module": "vb/action/builtin/callModuleFunctionAction",
      "parameters": {
        "module": "[[ $functions ]]",
        "functionName": "zip",
        "params": [
          "{{ $page.variables.FileUpload }}",
          "{{ $page.variables.DocumentAccount }}",
          "{{ $chain.results.callFunctionGetBase64 }}"
        ]
      }
    }
  },
  "variables": {}
}