{
  "title": "",
  "description": "",
  "variables": {
    "currentRow": {
      "type": "get_SampleData"
    },
    "get_SampleDataVar": {
      "type": "vb/ArrayDataProvider2",
      "defaultValue": {
        "itemType": "get_SampleData",
        "keyAttributes": "id"
      }
    }
  },
  "metadata": {},
  "types": {
    "@decorators.get_SampleData": {
      "endpoint": "get_SampleData",
      "service": "businessObjects",
      "path": "response"
    },
    "get_SampleData": {
      "cOMMISSIONPCT": "string",
      "createdBy": "string",
      "creationDate": "string",
      "dEPARTMENTID": "number",
      "eMAIL": "string",
      "eMPLOYEEID": "number",
      "fIRSTNAME": "string",
      "hIREDATE": "string",
      "id": "number",
      "jOBID": "string",
      "lASTNAME": "string",
      "lastUpdateDate": "string",
      "lastUpdatedBy": "string",
      "mANAGERID": "string",
      "pHONENUMBER": "string",
      "sALARY": "number"
    }
  },
  "eventListeners": {
    "tableBeforeRowEdit": {
      "chains": [
        {
          "chainId": "TableBeforeRowEditChain",
          "parameters": {
            "rowKey": "{{$event.detail.rowContext.status.rowKey}}",
            "rowIndex": "{{$event.detail.rowContext.status.rowIndex}}",
            "rowData": "{{$event.detail.rowContext.componentElement.getDataForVisibleRow($event.detail.rowContext.status.rowIndex).data}}"
          }
        }
      ]
    },
    "tableBeforeRowEditEnd": {
      "chains": [
        {
          "chainId": "TableBeforeRowEditEndChain",
          "parameters": {
            "cancelEdit": "{{$event.detail.cancelEdit}}",
            "rowKey": "{{$event.detail.rowContext.status.rowKey}}",
            "rowIndex": "{{$event.detail.rowContext.status.rowIndex}}",
            "rowData": "{{ $variables.currentRow }}"
          }
        }
      ]
    },
    "toggleDrawer": {
      "chains": [
        {
          "chainId": "application:toggleDrawerHandler"
        }
      ]
    },
    "vbEnter": {
      "chains": [
        {
          "parameters": {},
          "chainId": "loadData"
        }
      ]
    }
  },
  "imports": {
    "components": {
      "oj-button": {
        "path": "ojs/ojbutton"
      },
      "oj-input-text": {
        "path": "ojs/ojinputtext"
      },
      "oj-table": {
        "path": "ojs/ojtable"
      }
    }
  }
}