{
    "displayLabel": "employees",
    "fields": [
        {
            "displayLabel": "Id",
            "internal": true,
            "key": true,
            "name": "id",
            "oid": "2ad6c581-982f-4e12-8128-8295d592dbf9",
            "required": true,
            "type": "number",
            "unique": true
        },
        {
            "displayLabel": "Created",
            "internal": true,
            "name": "creationDate",
            "oid": "e39f1a70-84ab-4fa0-b2b7-faf1691f6d52",
            "type": "datetime"
        },
        {
            "displayLabel": "Last Updated",
            "internal": true,
            "name": "lastUpdateDate",
            "oid": "da6221ec-4617-40bd-ae58-cab66ff38fb3",
            "type": "datetime"
        },
        {
            "displayLabel": "Created By",
            "internal": true,
            "name": "createdBy",
            "oid": "de05a762-4246-4781-b331-5abb5ce447ad",
            "type": "string"
        },
        {
            "displayLabel": "Last Updated By",
            "internal": true,
            "name": "lastUpdatedBy",
            "oid": "a89b3834-e7d6-44cc-9758-41be697fb67a",
            "type": "string"
        },
        {
            "displayLabel": "<internal>",
            "hidden": true,
            "internal": true,
            "name": "abcsChangeNumber",
            "oid": "1d6231ec-bab0-4856-989b-02eb006c5085",
            "type": "number"
        },
        {
            "displayLabel": "EMPLOYEE_ID",
            "name": "eMPLOYEEID",
            "oid": "93945c1d-4350-4388-9f6c-b08d29f83a5f",
            "required": true,
            "type": "number"
        },
        {
            "displayLabel": "FIRST_NAME",
            "name": "fIRSTNAME",
            "oid": "d606ed8e-6903-48cd-97bb-601f13e80ca4",
            "required": true,
            "type": "string"
        },
        {
            "displayLabel": "LAST_NAME",
            "name": "lASTNAME",
            "oid": "3c4143ce-14b0-47ad-a3c5-bc01bb1cc3a3",
            "required": true,
            "type": "string"
        },
        {
            "displayLabel": "EMAIL",
            "name": "eMAIL",
            "oid": "1fdfd3d8-bd7b-403d-b51a-578e2bfb4102",
            "required": true,
            "type": "string"
        },
        {
            "displayLabel": "PHONE_NUMBER",
            "name": "pHONENUMBER",
            "oid": "eb8cc4db-60d9-4981-bcda-4889657a3109",
            "required": true,
            "type": "string"
        },
        {
            "displayLabel": "HIRE_DATE",
            "name": "hIREDATE",
            "oid": "d27ed308-c2b8-4228-91e6-9407fb5cf83b",
            "required": true,
            "type": "string"
        },
        {
            "displayLabel": "JOB_ID",
            "name": "jOBID",
            "oid": "2a73af12-df09-4a72-95e3-6da6fe83cfe7",
            "required": true,
            "type": "string"
        },
        {
            "displayLabel": "SALARY",
            "name": "sALARY",
            "oid": "d772e02e-3359-4e96-a479-92dd4be06e16",
            "required": true,
            "type": "number"
        },
        {
            "displayLabel": "COMMISSION_PCT",
            "name": "cOMMISSIONPCT",
            "oid": "b685033b-bf14-48e7-bed1-2722ff9a50f7",
            "required": true,
            "type": "string"
        },
        {
            "displayLabel": "MANAGER_ID",
            "name": "mANAGERID",
            "oid": "d53dcf3c-90c7-4e7f-a7d5-de21121123e1",
            "required": true,
            "type": "string"
        },
        {
            "displayLabel": "DEPARTMENT_ID",
            "name": "dEPARTMENTID",
            "oid": "54dc1acd-910d-4a33-9b0e-de6d52c511d2",
            "required": true,
            "type": "number"
        }
    ],
    "hidden": false,
    "name": "Employees",
    "oid": "2a27be3d-f150-48c1-92ad-06acbf81cf6b",
    "setupData": true
}