{
    "openapi": "3.0.0",
    "info": {
        "title": "ExternalReportWSSService",
        "version": "1.0.0"
    },
    "servers": [
        {
            "url": "vb-catalog://backends/SaaS"
        }
    ],
    "paths": {
        "/xmlpserver/services/ExternalReportWSSService": {
            "post": {
                "operationId": "postXmlpserverServicesExternalReportWSSService",
                "requestBody": {
                    "content": {
                        "application/json": {}
                    }
                },
                "responses": {},
                "x-vb": {
                    "actionHint": "getMany",
                    "headers": {
                        "Content-Type": "application/soap+xml;charset=UTF-8"
                    }
                }
            }
        }
    }
}