{
  "description": "",
  "root": "callFunctionParseData",
  "actions": {
    "callFunctionParseData": {
      "module": "vb/action/builtin/callModuleFunctionAction",
      "parameters": {
        "module": "[[ $functions ]]",
        "functionName": "ParseData",
        "params": [
          "{{ $page.variables.FileUpload.File }}"
        ]
      },
      "outcomes": {
        "success": "assignVariablesTextArea"
      }
    },
    "assignVariablesTextArea": {
      "module": "vb/action/builtin/assignVariablesAction",
      "parameters": {
        "$page.variables.TextArea": {
          "source": "{{ JSON.stringify($chain.results.callFunctionParseData,null,2) }}"
        }
      },
      "outcomes": {}
    }
  },
  "variables": {}
}