{
  "description": "",
  "root": "resetVariablesFileUpload",
  "actions": {
    "assignVariables": {
      "module": "vb/action/builtin/assignVariablesAction",
      "parameters": {
        "$page.variables.FileUpload": {
          "source": {
            "File": "{{ $variables.files[0] }}",
            "Name": "{{ $variables.files[0].name }}"
          },
          "reset": "none",
          "auto": "always"
        }
      }
    },
    "resetVariablesFileUpload": {
      "module": "vb/action/builtin/resetVariablesAction",
      "parameters": {
        "variables": [
          "$page.variables.FileUpload"
        ]
      },
      "outcomes": {
        "success": "assignVariables"
      }
    }
  },
  "variables": {
    "files": {
      "required": true,
      "type": "object[]",
      "input": "fromCaller"
    }
  }
}