{
    "displayLabel": "departments",
    "fields": [
        {
            "displayLabel": "Id",
            "key": true,
            "name": "id",
            "oid": "afecd41f-d486-4f96-bf5b-e62aa0724291",
            "required": true,
            "type": "number",
            "unique": true
        },
        {
            "displayLabel": "Created",
            "historyType": "timeCreated",
            "name": "creationDate",
            "oid": "7f97676d-e7db-4828-bf8f-b7e45fc42687",
            "type": "datetime"
        },
        {
            "displayLabel": "Last Updated",
            "historyType": "timeUpdated",
            "name": "lastUpdateDate",
            "oid": "cea4ebf3-db6b-4b3c-9a76-932dcb53cb86",
            "type": "datetime"
        },
        {
            "displayLabel": "Created By",
            "historyType": "createdBy",
            "name": "createdBy",
            "oid": "02eb136a-e23a-4dd5-a90a-f6186508ecfa",
            "type": "string"
        },
        {
            "displayLabel": "Last Updated By",
            "historyType": "updatedBy",
            "name": "lastUpdatedBy",
            "oid": "cc80aaec-a1b2-4c75-956c-84f3a32ff160",
            "type": "string"
        },
        {
            "displayLabel": "Version Number",
            "historyType": "versionNumber",
            "name": "versionNumber",
            "oid": "9fbd2ec8-657e-4769-bdcc-fd05b36fca97",
            "type": "number"
        },
        {
            "displayLabel": "DEPARTMENT_ID",
            "name": "departmentId",
            "oid": "19e4abf2-b921-4eff-8cc5-556912b76d92",
            "required": true,
            "type": "number"
        },
        {
            "displayLabel": "DEPARTMENT_NAME",
            "name": "departmentName",
            "oid": "cc449adf-754d-4bff-81ee-320f0e204a78",
            "required": true,
            "type": "string"
        },
        {
            "displayLabel": "MANAGER_ID",
            "name": "managerId",
            "oid": "5c78bb99-1505-43a9-b413-7c3ea37756f3",
            "required": true,
            "type": "string"
        },
        {
            "displayLabel": "LOCATION_ID",
            "name": "locationId",
            "oid": "6941aa05-c6ef-47cc-b890-f5f8d0f79d97",
            "required": true,
            "type": "number"
        }
    ],
    "hidden": false,
    "name": "Departments",
    "oid": "78717843-9a2f-4dd3-a6ae-87122bc2feba",
    "setupData": true
}