{
  "title": "",
  "description": "",
  "variables": {
    "filterText": {
      "type": "string"
    },
    "get_EmployeesVar": {
      "type": "vb/ArrayDataProvider2",
      "defaultValue": {
        "itemType": "get_Employees",
        "keyAttributes": "id"
      }
    }
  },
  "metadata": {},
  "types": {
    "@decorators.get_Employees": {
      "endpoint": "get_Employees",
      "service": "businessObjects",
      "path": "response"
    },
    "get_Employees": {
      "cOMMISSIONPCT": "string",
      "createdBy": "string",
      "creationDate": "string",
      "dEPARTMENTID": "number",
      "eMAIL": "string",
      "eMPLOYEEID": "number",
      "fIRSTNAME": "string",
      "hIREDATE": "string",
      "id": "number",
      "jOBID": "string",
      "lASTNAME": "string",
      "lastUpdateDate": "string",
      "lastUpdatedBy": "string",
      "mANAGERID": "string",
      "pHONENUMBER": "string",
      "sALARY": "number"
    }
  },
  "eventListeners": {
    "toggleDrawer": {
      "chains": [
        {
          "chainId": "application:toggleDrawerHandler"
        }
      ]
    },
    "vbEnter": {
      "chains": [
        {
          "parameters": {},
          "chainId": "vbEnter"
        }
      ]
    }
  },
  "imports": {
    "components": {
      "oj-button": {
        "path": "ojs/ojbutton"
      },
      "oj-input-text": {
        "path": "ojs/ojinputtext"
      },
      "oj-table": {
        "path": "ojs/ojtable"
      }
    }
  }
}