{
  "title": "",
  "description": "",
  "variables": {},
  "metadata": {},
  "types": {},
  "eventListeners": {
    "toggleDrawer": {
      "chains": [
        {
          "chainId": "application:toggleDrawerHandler"
        }
      ]
    },
    "vbEnter": {
      "chains": [
        {
          "parameters": {},
          "chainId": "vbEnter"
        }
      ]
    }
  },
  "imports": {
    "components": {
      "oj-button": {
        "path": "ojs/ojbutton"
      }
    },
    "css": [
      "/resources/css/app.css"
    ]
  }
}